1;MS-CDRVNS;5;exiobase/rxr/rxr_2011_n49;49;84699109;13596;92384480 28890 92384480 28890 0 0 0 0 808726816 891301920 959914041 909455648 925905184 824193056 840972081 941635123 909254712 943202358 540357920 908079668 926425138 825504032 959721760 807415840 807415840 874524704 857748279 926031921 875634740 540357408 540024880 840972338 958412851 842080307 808525876 540024883 808919088 807415840 842543626 959525152 808792608 925905696 875901472 857747488 840971314 807417400 959787552 840970272 840971315,28 30 5 36 27 48 29 44 10 37 32 47 34 15 33 35 45 31 20 8 38 1 40 24 42 39 21 0 41 14 43 11 46 22 6 4 9 26 13 23 2 17 12 16 19 18 3 25 7,28 30 5 36 27 48 29 44 10 37 32 47 34 15 33 35 45 31 20 8 38 1 40 24 42 39 21 0 41 14 43 11 46 22 6 4 9 26 13 23 2 17 12 25 16 19 18 7 3,28 30 5 36 27 48 29 44 10 47 31 15 37 33 32 34 35 45 20 8 38 1 40 24 42 39 21 0 41 14 43 11 46 22 6 4 9 26 13 23 2 17 12 16 19 18 3 25 7,28 30 5 36 27 48 29 44 10 47 15 33 45 31 37 32 34 20 35 8 38 1 40 24 42 39 21 0 41 14 43 11 46 22 6 4 9 26 13 23 2 17 12 16 19 18 3 25 7;2320256739610933302,427225,427198,427125,426937;20000
1;MS-CDRVNS;10;exiobase/rxr/rxr_2011_n49;49;84699109;13906;-775836448 30049 -775836448 30049 0 0 0 0 540292384 942874672 540024882 909127729 825768224 859322144 876164384 859124768 876163616 808525874 807416632 959918368 942879264 943005748 170926137 857748789 908079920 824195385 824193592 807417395 943206688 925905440 808595744 540227872 942743600 875634737 942743600 825368633 540024889 540424241 540357938 540291121 540031286 540292146 840970809 941633584 892870712 859124512 859320608 807415840 807415840,-775836448 30049 -775836448 30049 0 0 0 0 958410784 858857523 892411952 808788016 959459872 807415840 875967264 824193056 856307764 540024880 540225590 540358961 807416888 540161312 540422449 909189168 958410784 859316278 540293152 540024880 540422449 840971313 825565236 540024883 857748018 925966390 842080312 825438752 959525152 807415840 807415840 807415840 807415840 807415840 807415840 807415840 540225824 540024880 540024880 807416882 171062048,-775836448 30049 -775836448 30049 0 0 0 0 807415840 807415840 807415840 807415840 807415840 807415840 807415840 807415840 891301920 540024889 540281392 857748017 808722483 540161056 842211376 540358688 825368624 840970272 825499699 540488736 540024880 857749044 909254710 540161568 858857520 540029472 807415859 540424224 807415863 807415840 807415840 807415840 941633568 807415840 857747488 540024889 807416370 807415840 840970272 540024880 540019248,-775836448 30049 -775836448 30049 0 0 0 0 540030517 925971761 875573536 540024883 858797106 909718048 892477497 824194872 943010352 824193056 891302704 924857651 824195378 840972082 540358195 926103601 807415840 807415840 807415840 807415840 807415840 807415840 540161824 875765808 960045112 808596256 807415840 892351008 807415840 824193034 857749298 909189177 825696309 874524704 857749809 807417395 875573792 857747488 892674097 540357920 540620081,-775836448 30049 -775836448 30049 0 0 0 0 540291872 807417656 840970272 959520821 908079136 842342452 807415840 807415840 807415840 807415840 807415840 807415840 540095008 892477488 540487968 540024880 540024880 540553777 892930608 858857526 840970295 540291120 909717809 842215712 825303088 875634737 941634613 908081461 941633592 874526006 908080947 924858163 824195129 540620595 859320882 892418080 859322144 842478112 842539061 909254706 824195382,-775836448 30049 -775836448 30049 0 0 0 0 909254712 943202358 540357920 908079668 926425138 825504032 959721760 807415840 807415840 874524704 857748279 926031921 875634740 540357408 540024880 840972338 958412851 842080307 808525876 540024883 808919088 807415840 842543626 959525152 808792608 925905696 875901472 857747488 840971314 807417400 959787552 840970272 840971315 874525751 958412849 807416369 875967008 926365216 825831968 892417056 824193056,28 30 5 36 27 48 29 44 10 37 32 47 34 15 33 35 45 31 20 8 38 1 40 24 42 39 21 0 41 14 43 11 46 22 6 4 9 26 13 23 2 17 12 16 19 18 3 25 7,28 30 5 36 27 48 29 44 10 37 32 47 34 15 33 35 45 31 20 8 38 1 40 24 42 39 21 0 41 14 43 11 46 22 6 4 9 26 13 23 2 17 12 25 16 19 18 7 3,28 30 5 36 27 48 29 44 10 47 31 15 37 33 32 34 35 45 20 8 38 1 40 24 42 39 21 0 41 14 43 11 46 22 6 4 9 26 13 23 2 17 12 16 19 18 3 25 7,28 30 5 36 27 48 29 44 10 47 15 33 45 31 37 32 34 20 35 8 38 1 40 24 42 39 21 0 41 14 43 11 46 22 6 4 9 26 13 23 2 17 12 16 19 18 3 25 7;3760559703170495281,3539883415952176946,3467827995167698976,3467824627879785015,2320815197363777824,2319414419600193824,427225,427198,427125,426937;20000
1;MS-CDRVNS;5;exiobase/rxr/rxr_2011_n49;49;84699109;14018;28 30 5 36 27 48 29 44 10 37 32 47 34 15 33 35 45 31 20 8 38 1 40 24 42 39 21 0 41 14 43 11 46 22 6 4 9 26 13 23 2 17 12 16 19 18 3 25 7,28 30 5 36 27 48 29 44 10 37 32 47 34 15 33 35 45 31 20 8 38 1 40 24 42 39 21 0 41 14 43 11 46 22 6 4 9 26 13 23 2 17 12 25 16 19 18 7 3,28 30 5 36 27 48 29 44 10 47 31 15 37 33 32 34 35 45 20 8 38 1 40 24 42 39 21 0 41 14 43 11 46 22 6 4 9 26 13 23 2 17 12 16 19 18 3 25 7,28 30 5 36 27 48 29 44 10 47 15 33 45 31 37 32 34 20 35 8 38 1 40 24 42 39 21 0 41 14 43 11 46 22 6 4 9 26 13 23 2 17 12 16 19 18 3 25 7;427225,427198,427125,426937;20000
2;MS-CDRVNS;5;exiobase/rxr/rxr_2011_n49;49;84151667;7172;28 30 5 36 27 48 29 44 10 37 32 47 34 15 33 35 45 31 20 8 38 1 40 24 42 39 21 0 41 14 43 11 46 22 6 4 9 26 13 23 2 17 12 16 19 18 3 25 7,28 30 5 36 27 48 29 44 10 37 32 47 34 15 33 35 45 31 20 8 38 1 40 24 42 39 21 0 41 14 43 11 46 22 6 4 9 26 13 23 2 17 12 25 16 19 18 7 3,28 30 5 36 27 48 29 44 10 47 31 15 37 33 32 34 35 45 20 8 38 1 40 24 42 39 21 0 41 14 43 11 46 22 6 4 9 26 13 23 2 17 12 16 19 18 3 25 7,28 30 5 36 27 48 29 44 10 47 31 15 37 33 32 34 35 45 20 8 38 1 40 24 42 39 21 0 41 14 43 11 46 22 6 4 9 26 13 23 2 17 12 25 16 19 18 7 3,28 30 5 36 27 48 29 44 10 47 15 33 45 31 37 32 34 20 35 8 38 1 40 24 42 39 21 0 41 14 43 11 46 22 6 4 9 26 13 23 2 17 12 16 19 18 3 25 7;427225,427198,427125,427098,426937;20000
3;MS-CDRVNS;5;exiobase/rxr/rxr_2011_n49;49;84680026;13923;28 30 5 36 27 48 29 44 10 37 32 47 34 15 33 35 45 31 20 8 38 1 40 24 42 39 21 0 41 14 43 11 46 22 6 4 9 26 13 23 2 17 12 16 19 18 3 25 7,28 30 5 36 27 48 29 44 10 37 32 47 34 15 33 35 45 31 20 8 38 1 40 24 42 39 21 0 41 14 43 11 46 22 6 4 9 26 13 23 2 17 12 25 16 19 18 7 3,28 30 5 36 27 48 29 44 10 47 31 15 37 33 32 34 35 45 20 8 38 1 40 24 42 39 21 0 41 14 43 11 46 22 6 4 9 26 13 23 2 17 12 16 19 18 3 25 7,28 30 5 36 27 48 29 44 10 47 31 15 37 33 32 34 35 45 20 8 38 1 40 24 42 39 21 0 41 14 43 11 46 22 6 4 9 26 13 23 2 17 12 25 16 19 18 7 3,28 30 5 36 27 48 29 44 10 47 15 33 45 31 37 32 34 20 35 8 38 1 40 24 42 39 21 0 41 14 43 11 46 22 6 4 9 26 13 23 2 17 12 16 19 18 3 25 7;427225,427198,427125,427098,426937;20000
1;MS-CDRVNS;5;exiobase/rxr/rxr_2011_n49;49;84699109;16797;28 30 5 36 27 48 29 44 10 37 32 47 34 15 33 35 45 31 20 8 38 1 40 24 42 39 21 0 41 14 43 11 46 22 6 4 9 26 13 23 2 17 12 16 19 18 3 25 7,28 30 5 36 27 48 29 44 10 37 32 47 34 15 33 35 45 31 20 8 38 1 40 24 42 39 21 0 41 14 43 11 46 22 6 4 9 26 13 23 2 17 12 25 16 19 18 7 3,28 30 5 36 27 48 29 44 10 47 31 15 37 33 32 34 35 45 20 8 38 1 40 24 42 39 21 0 41 14 43 11 46 22 6 4 9 26 13 23 2 17 12 16 19 18 3 25 7,28 30 5 36 27 48 29 44 10 47 15 33 45 31 37 32 34 20 35 8 38 1 40 24 42 39 21 0 41 14 43 11 46 22 6 4 9 26 13 23 2 17 12 16 19 18 3 25 7,-1 -1 -1 -1 -1 -1 -1 -1 -1 -1 -1 -1 -1 -1 -1 -1 -1 -1 -1 -1 -1 -1 -1 -1 -1 -1 -1 -1 -1 -1 -1 -1 -1 -1 -1 -1 -1 -1 -1 -1 -1 -1 -1 -1 -1 -1 -1 -1 -1;427225,427198,427125,426937,0;20000
2;MS-CDRVNS;5;exiobase/rxr/rxr_2011_n49;49;84151667;10038;28 30 5 36 27 48 29 44 10 37 32 47 34 15 33 35 45 31 20 8 38 1 40 24 42 39 21 0 41 14 43 11 46 22 6 4 9 26 13 23 2 17 12 16 19 18 3 25 7,28 30 5 36 27 48 29 44 10 37 32 47 34 15 33 35 45 31 20 8 38 1 40 24 42 39 21 0 41 14 43 11 46 22 6 4 9 26 13 23 2 17 12 25 16 19 18 7 3,28 30 5 36 27 48 29 44 10 47 31 15 37 33 32 34 35 45 20 8 38 1 40 24 42 39 21 0 41 14 43 11 46 22 6 4 9 26 13 23 2 17 12 16 19 18 3 25 7,28 30 5 36 27 48 29 44 10 47 31 15 37 33 32 34 35 45 20 8 38 1 40 24 42 39 21 0 41 14 43 11 46 22 6 4 9 26 13 23 2 17 12 25 16 19 18 7 3,28 30 5 36 27 48 29 44 10 47 15 33 45 31 37 32 34 20 35 8 38 1 40 24 42 39 21 0 41 14 43 11 46 22 6 4 9 26 13 23 2 17 12 16 19 18 3 25 7;427225,427198,427125,427098,426937;20000
3;MS-CDRVNS;5;exiobase/rxr/rxr_2011_n49;49;84680026;16738;28 30 5 36 27 48 29 44 10 37 32 47 34 15 33 35 45 31 20 8 38 1 40 24 42 39 21 0 41 14 43 11 46 22 6 4 9 26 13 23 2 17 12 16 19 18 3 25 7,28 30 5 36 27 48 29 44 10 37 32 47 34 15 33 35 45 31 20 8 38 1 40 24 42 39 21 0 41 14 43 11 46 22 6 4 9 26 13 23 2 17 12 25 16 19 18 7 3,28 30 5 36 27 48 29 44 10 47 31 15 37 33 32 34 35 45 20 8 38 1 40 24 42 39 21 0 41 14 43 11 46 22 6 4 9 26 13 23 2 17 12 16 19 18 3 25 7,28 30 5 36 27 48 29 44 10 47 31 15 37 33 32 34 35 45 20 8 38 1 40 24 42 39 21 0 41 14 43 11 46 22 6 4 9 26 13 23 2 17 12 25 16 19 18 7 3,28 30 5 36 27 48 29 44 10 47 15 33 45 31 37 32 34 20 35 8 38 1 40 24 42 39 21 0 41 14 43 11 46 22 6 4 9 26 13 23 2 17 12 16 19 18 3 25 7;427225,427198,427125,427098,426937;20000
1;MS-CDRVNS;5;exiobase/rxr/rxr_2011_n49;49;84699109;16738;28 30 5 36 27 48 29 44 10 37 32 47 34 15 33 35 45 31 20 8 38 1 40 24 42 39 21 0 41 14 43 11 46 22 6 4 9 26 13 23 2 17 12 16 19 18 3 25 7,28 30 5 36 27 48 29 44 10 37 32 47 34 15 33 35 45 31 20 8 38 1 40 24 42 39 21 0 41 14 43 11 46 22 6 4 9 26 13 23 2 17 12 25 16 19 18 7 3,28 30 5 36 27 48 29 44 10 47 31 15 37 33 32 34 35 45 20 8 38 1 40 24 42 39 21 0 41 14 43 11 46 22 6 4 9 26 13 23 2 17 12 16 19 18 3 25 7,28 30 5 36 27 48 29 44 10 47 15 33 45 31 37 32 34 20 35 8 38 1 40 24 42 39 21 0 41 14 43 11 46 22 6 4 9 26 13 23 2 17 12 16 19 18 3 25 7,-1 -1 -1 -1 -1 -1 -1 -1 -1 -1 -1 -1 -1 -1 -1 -1 -1 -1 -1 -1 -1 -1 -1 -1 -1 -1 -1 -1 -1 -1 -1 -1 -1 -1 -1 -1 -1 -1 -1 -1 -1 -1 -1 -1 -1 -1 -1 -1 -1;427225,427198,427125,426937,0;20000
2;MS-CDRVNS;5;exiobase/rxr/rxr_2011_n49;49;84151667;10161;28 30 5 36 27 48 29 44 10 37 32 47 34 15 33 35 45 31 20 8 38 1 40 24 42 39 21 0 41 14 43 11 46 22 6 4 9 26 13 23 2 17 12 16 19 18 3 25 7,28 30 5 36 27 48 29 44 10 37 32 47 34 15 33 35 45 31 20 8 38 1 40 24 42 39 21 0 41 14 43 11 46 22 6 4 9 26 13 23 2 17 12 25 16 19 18 7 3,28 30 5 36 27 48 29 44 10 47 31 15 37 33 32 34 35 45 20 8 38 1 40 24 42 39 21 0 41 14 43 11 46 22 6 4 9 26 13 23 2 17 12 16 19 18 3 25 7,28 30 5 36 27 48 29 44 10 47 31 15 37 33 32 34 35 45 20 8 38 1 40 24 42 39 21 0 41 14 43 11 46 22 6 4 9 26 13 23 2 17 12 25 16 19 18 7 3,28 30 5 36 27 48 29 44 10 47 15 33 45 31 37 32 34 20 35 8 38 1 40 24 42 39 21 0 41 14 43 11 46 22 6 4 9 26 13 23 2 17 12 16 19 18 3 25 7;427225,427198,427125,427098,426937;20000
3;MS-CDRVNS;5;exiobase/rxr/rxr_2011_n49;49;84680026;16392;28 30 5 36 27 48 29 44 10 37 32 47 34 15 33 35 45 31 20 8 38 1 40 24 42 39 21 0 41 14 43 11 46 22 6 4 9 26 13 23 2 17 12 16 19 18 3 25 7,28 30 5 36 27 48 29 44 10 37 32 47 34 15 33 35 45 31 20 8 38 1 40 24 42 39 21 0 41 14 43 11 46 22 6 4 9 26 13 23 2 17 12 25 16 19 18 7 3,28 30 5 36 27 48 29 44 10 47 31 15 37 33 32 34 35 45 20 8 38 1 40 24 42 39 21 0 41 14 43 11 46 22 6 4 9 26 13 23 2 17 12 16 19 18 3 25 7,28 30 5 36 27 48 29 44 10 47 31 15 37 33 32 34 35 45 20 8 38 1 40 24 42 39 21 0 41 14 43 11 46 22 6 4 9 26 13 23 2 17 12 25 16 19 18 7 3,28 30 5 36 27 48 29 44 10 47 15 33 45 31 37 32 34 20 35 8 38 1 40 24 42 39 21 0 41 14 43 11 46 22 6 4 9 26 13 23 2 17 12 16 19 18 3 25 7;427225,427198,427125,427098,426937;20000
4;MS-CDRVNS;5;exiobase/rxr/rxr_2011_n49;49;84297905;10115;28 30 5 36 27 48 29 44 10 37 32 47 34 15 33 35 45 31 20 8 38 1 40 24 42 39 21 0 41 14 43 11 46 22 6 4 9 26 13 23 2 17 12 16 19 18 3 25 7,28 30 5 36 27 48 29 44 10 37 32 47 34 15 33 35 45 31 20 8 38 1 40 24 42 39 21 0 41 14 43 11 46 22 6 4 9 26 13 23 2 17 12 25 16 19 18 7 3,28 30 5 36 27 48 29 44 10 47 31 15 37 33 32 34 35 45 20 8 38 1 40 24 42 39 21 0 41 14 43 11 46 22 6 4 9 26 13 23 2 17 12 16 19 18 3 25 7,28 30 5 36 27 48 29 44 10 47 31 15 37 33 32 34 35 45 20 8 38 1 40 24 42 39 21 0 41 14 43 11 46 22 6 4 9 26 13 23 2 17 12 25 16 19 18 7 3,28 30 5 36 27 48 29 44 10 47 15 33 45 31 37 32 34 20 35 8 38 1 40 24 42 39 21 0 41 14 43 11 46 22 6 4 9 26 13 23 2 17 12 16 19 18 3 25 7;427225,427198,427125,427098,426937;20000
5;MS-CDRVNS;5;exiobase/rxr/rxr_2011_n49;49;84874767;16839;28 30 5 36 27 48 29 44 10 37 32 47 34 15 33 35 45 31 20 8 38 1 40 24 42 39 21 0 41 14 43 11 46 22 6 4 9 26 13 23 2 17 12 16 19 18 3 25 7,28 30 5 36 27 48 29 44 10 37 32 47 34 15 33 35 45 31 20 8 38 1 40 24 42 39 21 0 41 14 43 11 46 22 6 4 9 26 13 23 2 17 12 25 16 19 18 7 3,28 30 5 36 27 48 29 44 10 47 31 15 37 33 32 34 35 45 20 8 38 1 40 24 42 39 21 0 41 14 43 11 46 22 6 4 9 26 13 23 2 17 12 16 19 18 3 25 7,28 30 5 36 27 48 29 44 10 47 31 15 37 33 32 34 35 45 20 8 38 1 40 24 42 39 21 0 41 14 43 11 46 22 6 4 9 26 13 23 2 17 12 25 16 19 18 7 3,28 30 5 36 27 48 29 44 10 47 15 33 45 31 37 32 34 20 35 8 38 1 40 24 42 39 21 0 41 14 43 11 46 22 6 4 9 26 13 23 2 17 12 16 19 18 3 25 7;427225,427198,427125,427098,426937;20000
1;MS-CDRVNS;10;exiobase/rxr/rxr_2011_n49;49;84699109;16837;28 30 5 36 27 48 29 44 10 37 32 47 34 15 33 35 45 31 20 8 38 1 40 24 42 39 21 0 41 14 43 11 46 22 6 4 9 26 13 23 2 17 12 16 19 18 3 25 7,28 30 5 36 27 48 29 44 10 37 32 47 34 15 33 35 45 31 20 8 38 1 40 24 42 39 21 0 41 14 43 11 46 22 6 4 9 26 13 23 2 17 12 25 16 19 18 7 3,28 30 5 36 27 48 29 44 10 47 31 15 37 33 32 34 35 45 20 8 38 1 40 24 42 39 21 0 41 14 43 11 46 22 6 4 9 26 13 23 2 17 12 16 19 18 3 25 7,28 30 5 36 27 48 29 44 10 47 15 33 45 31 37 32 34 20 35 8 38 1 40 24 42 39 21 0 41 14 43 11 46 22 6 4 9 26 13 23 2 17 12 16 19 18 3 25 7,-1 -1 -1 -1 -1 -1 -1 -1 -1 -1 -1 -1 -1 -1 -1 -1 -1 -1 -1 -1 -1 -1 -1 -1 -1 -1 -1 -1 -1 -1 -1 -1 -1 -1 -1 -1 -1 -1 -1 -1 -1 -1 -1 -1 -1 -1 -1 -1 -1,-1 -1 -1 -1 -1 -1 -1 -1 -1 -1 -1 -1 -1 -1 -1 -1 -1 -1 -1 -1 -1 -1 -1 -1 -1 -1 -1 -1 -1 -1 -1 -1 -1 -1 -1 -1 -1 -1 -1 -1 -1 -1 -1 -1 -1 -1 -1 -1 -1,-1 -1 -1 -1 -1 -1 -1 -1 -1 -1 -1 -1 -1 -1 -1 -1 -1 -1 -1 -1 -1 -1 -1 -1 -1 -1 -1 -1 -1 -1 -1 -1 -1 -1 -1 -1 -1 -1 -1 -1 -1 -1 -1 -1 -1 -1 -1 -1 -1,-1 -1 -1 -1 -1 -1 -1 -1 -1 -1 -1 -1 -1 -1 -1 -1 -1 -1 -1 -1 -1 -1 -1 -1 -1 -1 -1 -1 -1 -1 -1 -1 -1 -1 -1 -1 -1 -1 -1 -1 -1 -1 -1 -1 -1 -1 -1 -1 -1,-1 -1 -1 -1 -1 -1 -1 -1 -1 -1 -1 -1 -1 -1 -1 -1 -1 -1 -1 -1 -1 -1 -1 -1 -1 -1 -1 -1 -1 -1 -1 -1 -1 -1 -1 -1 -1 -1 -1 -1 -1 -1 -1 -1 -1 -1 -1 -1 -1,-1 -1 -1 -1 -1 -1 -1 -1 -1 -1 -1 -1 -1 -1 -1 -1 -1 -1 -1 -1 -1 -1 -1 -1 -1 -1 -1 -1 -1 -1 -1 -1 -1 -1 -1 -1 -1 -1 -1 -1 -1 -1 -1 -1 -1 -1 -1 -1 -1;427225,427198,427125,426937,0,0,0,0,0,0;20000
1;MS-CDRVNS;5;exiobase/os300/os300_ru_2022_n300;300;11360087282;472096;151 291 60 149 121 296 13 87 266 244 210 146 111 110 115 140 261 220 95 85 216 19 238 226 42 294 179 46 147 181 116 281 84 69 43 297 279 106 272 212 271 184 61 49 247 195 55 81 30 20 236 14 290 3 174 188 206 12 217 73 112 167 94 231 197 130 256 93 196 219 164 251 225 35 289 141 72 88 41 96 235 108 185 204 89 269 5 114 224 242 227 15 76 153 109 48 284 27 25 143 99 186 165 249 150 113 229 254 102 255 75 64 32 66 53 155 292 260 252 77 233 39 241 161 117 137 278 208 211 156 239 163 104 92 16 276 193 107 9 59 18 139 277 221 245 97 132 275 215 135 173 105 175 98 44 232 22 171 91 45 65 1 128 259 177 286 24 166 262 62 127 178 287 6 47 120 234 148 40 23 103 145 28 38 101 274 133 205 29 21 170 80 191 157 253 264 136 8 248 50 295 268 67 207 293 142 180 189 58 283 246 222 34 192 267 169 90 131 83 183 162 74 280 82 218 31 209 250 52 54 63 160 200 158 214 240 36 56 4 79 190 126 198 203 129 263 86 33 168 71 159 213 194 243 122 2 172 17 154 285 273 57 270 124 118 257 119 201 202 288 152 125 123 138 134 282 228 298 11 0 68 144 7 199 176 100 187 10 182 70 223 237 78 37 26 258 299 51 265 230,151 291 60 149 121 296 13 87 266 244 210 146 111 110 115 140 261 220 95 85 216 19 238 226 42 294 179 46 147 181 116 281 84 69 43 297 279 106 272 212 271 184 61 49 247 195 55 81 30 20 236 14 290 3 174 188 206 12 217 73 112 167 94 231 197 130 256 93 196 219 164 251 225 35 289 141 72 88 41 96 235 108 89 185 204 269 5 114 224 242 227 15 76 153 109 48 284 27 25 143 99 186 165 249 150 113 229 254 102 255 75 64 32 66 53 155 292 260 252 77 233 39 241 161 117 137 278 208 211 156 239 163 104 92 16 276 193 107 9 59 18 139 277 221 245 97 132 275 215 135 173 105 175 98 44 232 22 171 91 45 65 1 128 259 177 286 24 166 262 62 127 178 287 6 47 120 234 148 40 23 103 145 28 38 101 274 133 205 29 21 170 80 191 157 253 264 136 8 248 50 295 268 67 207 293 142 180 189 58 283 246 222 34 192 267 169 90 131 83 183 162 74 280 82 218 31 209 250 52 54 63 160 200 158 214 240 36 56 4 79 190 126 198 203 129 263 86 33 168 71 159 213 194 243 122 2 172 17 154 285 273 57 270 124 118 257 119 201 202 288 152 125 123 138 134 282 228 298 11 0 68 144 7 199 176 100 187 10 182 70 223 237 78 37 26 258 299 51 265 230,151 291 60 149 121 296 13 87 266 244 210 146 111 110 115 140 261 220 95 85 216 19 238 226 42 294 179 46 147 181 116 281 84 69 43 297 279 106 272 212 271 184 61 49 247 195 55 81 30 20 236 14 290 3 174 188 206 12 217 73 112 167 94 231 197 130 256 93 196 219 164 251 225 35 289 141 72 88 41 96 235 108 89 185 204 269 5 114 224 242 227 15 76 153 109 284 27 25 143 99 165 150 113 229 254 102 255 75 292 32 186 77 64 48 66 53 24 155 260 252 249 233 39 241 161 117 137 278 208 211 156 239 163 104 92 16 276 193 107 9 59 18 139 277 221 245 97 132 275 215 135 173 105 175 98 44 232 22 171 91 45 65 1 128 259 177 286 166 262 62 127 178 287 6 47 120 234 148 40 23 103 145 28 38 101 274 133 205 29 21 170 80 191 157 253 264 136 8 248 50 295 268 67 207 293 142 180 189 58 283 246 222 34 192 267 169 90 131 83 183 162 74 280 82 218 31 209 250 52 54 63 160 200 158 214 240 36 56 4 79 190 126 198 203 129 263 86 33 168 71 159 213 194 243 122 2 172 17 154 285 273 57 270 124 118 257 119 201 202 288 152 125 123 138 134 282 228 298 11 0 68 144 7 199 176 100 187 10 182 70 223 237 78 37 26 258 299 51 265 230,151 291 60 149 121 296 13 87 266 244 210 146 111 110 115 140 261 220 95 85 216 19 238 226 42 294 179 46 147 181 116 281 84 69 43 297 279 106 272 212 271 184 61 49 247 195 55 81 30 20 236 14 290 3 174 188 206 12 217 73 112 167 94 231 197 130 256 93 196 219 164 251 225 35 289 141 72 88 41 96 235 108 185 204 89 269 5 114 224 242 227 15 76 153 109 284 27 25 143 99 165 150 113 229 254 102 255 75 292 32 186 77 64 48 66 53 24 155 260 252 249 233 39 241 161 117 137 278 208 211 156 239 163 104 92 16 276 193 107 9 59 18 139 277 221 245 97 132 275 215 135 173 105 175 98 44 232 22 171 91 45 65 1 128 259 177 286 166 262 62 127 178 287 6 47 120 234 148 40 23 103 145 28 38 101 274 133 205 29 21 170 80 191 157 253 264 136 8 248 50 295 268 67 207 293 142 180 189 58 283 246 222 34 192 267 169 90 131 83 183 162 74 280 82 218 31 209 250 52 54 63 160 200 158 214 240 36 56 4 79 190 126 198 203 129 263 86 33 168 71 159 213 194 243 122 2 172 17 154 285 273 57 270 124 118 257 119 201 202 288 152 125 123 138 134 282 228 298 11 0 68 144 7 199 176 100 187 10 182 70 223 237 78 37 26 258 299 51 265 230,151 291 60 149 121 296 13 87 266 244 210 146 111 110 115 140 261 220 95 85 216 19 238 226 42 294 179 46 147 181 116 281 84 69 43 297 279 106 272 212 271 184 61 49 247 195 55 81 30 20 236 14 290 3 174 188 206 12 217 73 112 167 94 231 197 130 256 93 196 219 164 251 225 35 289 141 72 88 41 96 235 108 185 204 89 269 5 114 224 242 227 15 76 153 109 48 284 27 25 143 99 186 165 249 150 113 229 254 102 255 75 64 32 66 53 155 292 260 252 77 233 39 241 161 117 137 278 208 211 156 239 163 104 92 16 276 193 107 9 59 18 139 277 221 245 97 132 275 215 135 173 105 175 98 44 232 22 171 91 45 65 1 128 259 177 286 24 166 262 62 127 178 287 6 47 120 234 148 40 23 103 145 28 38 101 274 133 205 29 21 170 80 191 157 253 264 136 8 248 50 295 268 67 207 293 142 180 189 58 283 246 222 34 192 267 169 131 209 90 83 183 162 74 280 82 218 31 250 52 54 63 160 200 158 214 240 36 56 4 79 190 126 198 203 129 263 86 33 168 71 159 213 194 243 122 2 172 17 154 285 273 57 270 124 118 257 119 201 202 288 152 125 123 138 134 282 228 298 11 0 68 144 7 199 176 100 187 10 182 70 223 237 78 37 26 258 299 51 265 230;44376044,44376044,44376041,44376041,44376040;20000
1;MS-CDRVNS;5;exiobase/pxp/pxp_fi_2022_n153;153;1789240822;81310;114 107 128 124 126 129 113 119 110 120 123 121 111 65 13 42 108 87 138 135 146 143 139 122 125 144 91 92 93 99 98 75 82 40 83 115 17 46 50 64 0 2 1 5 34 35 62 69 151 86 14 36 11 31 43 6 8 26 28 37 39 112 150 131 130 127 25 68 56 54 57 48 118 116 53 51 24 74 41 109 38 73 142 141 132 137 145 148 134 88 70 20 76 140 133 147 101 104 95 96 84 19 22 80 21 78 58 60 44 81 52 15 89 67 66 16 90 105 77 85 59 18 72 136 79 94 71 100 103 63 149 3 4 33 29 30 9 10 7 27 117 106 12 49 102 97 55 152 32 23 45 47 61,114 107 128 124 126 129 113 119 110 120 123 121 111 65 13 42 108 87 138 135 146 143 139 122 125 144 93 92 91 99 98 75 82 40 83 17 115 46 50 64 0 2 1 5 34 35 62 69 151 86 14 36 11 31 43 6 8 26 28 37 39 112 150 131 130 127 25 68 56 54 57 48 118 116 53 51 24 74 41 109 38 73 142 141 132 137 145 148 134 88 70 20 76 140 133 147 101 104 95 96 84 19 22 80 21 78 58 60 44 81 52 15 89 66 67 16 90 105 77 85 18 59 72 136 79 94 71 100 103 63 149 3 4 33 29 30 9 10 7 27 117 106 23 49 45 32 47 102 97 12 55 152 61,114 107 128 124 126 129 113 119 110 120 123 121 111 65 13 42 108 87 138 135 146 143 139 122 125 144 91 92 93 99 98 75 82 40 83 115 17 46 50 64 0 2 1 5 34 35 62 69 151 86 14 36 11 31 43 6 8 26 28 37 39 112 150 131 130 127 25 68 56 54 57 48 118 116 53 51 24 74 41 109 38 73 142 141 132 137 145 148 134 88 70 20 76 140 133 147 101 104 95 96 84 19 22 80 21 78 58 60 44 81 52 15 89 66 67 16 90 105 77 85 59 18 72 136 79 94 149 63 3 4 33 29 30 9 10 7 71 27 117 106 100 23 49 45 102 97 103 152 12 32 61 55 47,114 107 128 124 126 129 113 119 110 120 123 121 111 65 13 42 108 87 138 135 146 143 139 122 125 144 91 93 92 99 98 75 82 40 17 83 115 46 50 64 2 0 1 5 34 35 62 69 151 86 14 36 11 31 43 6 8 26 28 37 39 112 150 131 130 127 25 68 56 54 57 48 118 116 53 51 24 74 41 109 73 38 142 141 132 137 145 148 134 88 70 20 76 140 133 147 101 104 95 96 84 19 22 80 21 78 58 60 44 81 52 15 89 66 67 16 90 105 77 85 59 18 72 136 79 94 71 100 103 63 149 4 3 33 29 30 9 10 7 27 117 106 102 23 32 49 61 97 152 45 12 55 47,114 107 128 124 126 129 113 119 110 120 123 121 111 65 13 42 108 87 138 135 146 143 139 122 125 144 91 93 92 99 98 75 82 40 17 83 115 46 50 64 0 2 1 5 34 35 62 69 151 86 14 36 11 31 43 6 8 26 28 37 39 112 150 131 130 127 25 68 56 54 57 48 118 116 53 51 24 74 41 109 38 73 142 141 132 137 145 148 134 88 70 20 76 140 133 147 101 104 95 96 84 19 22 80 21 78 58 60 44 81 52 15 89 66 67 16 90 105 77 85 59 18 72 136 79 94 71 100 103 149 63 3 4 33 29 30 9 10 7 27 117 106 23 61 12 49 55 45 102 97 152 32 47;5823309,5823309,5823309,5823309,5823309;20000
2;MS-CDRVNS;5;exiobase/rxr/rxr_2021_n49;49;79484774;6503;30 28 5 27 36 48 44 15 10 37 29 34 32 45 31 47 20 8 40 14 24 38 33 35 41 1 42 39 21 0 46 6 17 4 9 43 11 13 23 16 19 7 3 18 22 26 2 25 12,30 28 5 27 36 48 44 15 10 37 29 34 32 45 31 47 20 8 40 14 24 38 33 35 41 1 42 39 21 0 46 6 17 4 9 43 11 16 19 3 13 22 23 7 18 26 2 25 12,30 28 5 27 36 48 44 15 10 37 29 34 32 45 47 20 8 14 38 33 31 40 24 35 41 1 42 39 21 0 46 6 17 4 9 43 11 13 23 16 19 7 3 18 22 26 2 25 12,30 28 5 27 36 48 44 15 10 37 29 34 32 45 47 20 8 14 38 33 31 40 24 35 41 1 42 39 21 0 46 6 17 4 9 43 11 16 19 3 13 22 23 7 18 26 2 25 12,30 28 5 27 36 48 44 15 10 37 29 34 32 45 31 47 20 8 40 14 1 24 38 33 42 21 0 35 41 39 46 6 17 4 9 43 11 13 23 16 19 7 3 18 22 26 2 25 12;431939,431935,431854,431850,431752;20000
2;MS-CDRVNS;10;exiobase/rxr/rxr_2021_n49;49;79484774;6560;30 28 5 27 36 48 44 15 10 37 29 34 32 45 31 47 20 8 40 14 24 38 33 35 41 1 42 39 21 0 46 6 17 4 9 43 11 13 23 16 19 7 3 18 22 26 2 25 12,30 28 5 27 36 48 44 15 10 37 29 34 32 45 31 47 20 8 40 14 24 38 33 35 41 1 42 39 21 0 46 6 17 4 9 43 11 16 19 3 13 22 23 7 18 26 2 25 12,30 28 5 27 36 48 44 15 10 37 29 34 32 45 47 20 8 14 38 33 31 40 24 35 41 1 42 39 21 0 46 6 17 4 9 43 11 13 23 16 19 7 3 18 22 26 2 25 12,30 28 5 27 36 48 44 15 10 37 29 34 32 45 47 20 8 14 38 33 31 40 24 35 41 1 42 39 21 0 46 6 17 4 9 43 11 16 19 3 13 22 23 7 18 26 2 25 12,30 28 5 27 36 48 44 15 10 37 29 34 32 45 31 47 20 8 40 14 1 24 38 33 42 21 0 35 41 39 46 6 17 4 9 43 11 13 23 16 19 7 3 18 22 26 2 25 12,30 28 5 27 36 48 44 15 10 37 29 34 32 45 31 47 20 8 40 14 1 24 38 33 42 21 0 35 41 39 46 6 17 4 9 43 11 16 19 3 13 22 23 7 18 26 2 25 12;431939,431935,431854,431850,431752,431748;20000
2;MS-CDRVNS;15;exiobase/rxr/rxr_2021_n49;49;79484774;6586;30 28 5 27 36 48 44 15 10 37 29 34 32 45 31 47 20 8 40 14 24 38 33 35 41 1 42 39 21 0 46 6 17 4 9 43 11 13 23 16 19 7 3 18 22 26 2 25 12,30 28 5 27 36 48 44 15 10 37 29 34 32 45 31 47 20 8 40 14 24 38 33 35 41 1 42 39 21 0 46 6 17 4 9 43 11 16 19 3 13 22 23 7 18 26 2 25 12,30 28 5 27 36 48 44 15 10 37 29 34 32 45 47 20 8 14 38 33 31 40 24 35 41 1 42 39 21 0 46 6 17 4 9 43 11 13 23 16 19 7 3 18 22 26 2 25 12,30 28 5 27 36 48 44 15 10 37 29 34 32 45 47 20 8 14 38 33 31 40 24 35 41 1 42 39 21 0 46 6 17 4 9 43 11 16 19 3 13 22 23 7 18 26 2 25 12,30 28 5 27 36 48 44 15 10 37 29 34 32 45 31 47 20 8 40 14 1 24 38 33 42 21 0 35 41 39 46 6 17 4 9 43 11 13 23 16 19 7 3 18 22 26 2 25 12,30 28 5 27 36 48 44 15 10 37 29 34 32 45 31 47 20 8 40 14 1 24 38 33 42 21 0 35 41 39 46 6 17 4 9 43 11 16 19 3 13 22 23 7 18 26 2 25 12;431939,431935,431854,431850,431752,431748;20000
